drug_name,v_family,v_call_heavy,j_call_heavy,cdr3_aa_heavy,pgen,pgen_vj,antiberty_pll,antiberty_cdr3_pll,ablang_pll,ablang_cdr3_pll,ablang2_paired_pll,ablang2_paired_cdr3_pll,ablang2_heavy_pll,ablang2_heavy_cdr3_pll,esm2_pll,esm2_cdr3_pll,progen2_pll,progen2_cdr3_pll
Trastuzumab,IGHV3,IGHV3-66*01,IGHJ4*01,SRWGGDGFYAMDY,2.2925203213566184e-20,8.38790891897023e-29,-0.6447332,-1.6519908,-0.8226096,-2.228834,-1.0244594,-2.5255117,-1.0244594,-2.5255117,-0.987601,-2.5184207,-1.0172791,-1.9657127
Pembrolizumab,IGHV1,IGHV1-2*02,IGHJ4*01,ARRDYRFDMGFDY,3.4752390753376867e-15,1.6939554230230403e-16,-0.76979256,-1.7973545,-0.93450737,-2.5122216,-1.0781304,-2.4840906,-1.0781304,-2.4840906,-1.0116411,-2.341794,-1.1118242,-2.3689792
Adalimumab,IGHV3,IGHV3-9*01,IGHJ4*01,AKVSYLSTASSLDY,1.853475683648647e-16,2.9863600435882054e-17,-0.4908104,-2.3624787,-0.4693233,-2.105346,-0.63462204,-2.4027967,-0.63462204,-2.4027967,-1.0640773,-2.1588335,-0.6873158,-2.218121
Nivolumab,IGHV3,IGHV3-33*01,IGHJ4*01,ATNDDY,2.981270096634983e-09,2.066047247071692e-11,-0.4701606,-2.0405998,-0.4625027,-1.80633,-0.6358184,-2.0324006,-0.6358184,-2.0324006,-1.0190239,-3.077022,-0.78695375,-2.7631843
Rituximab,IGHV1,IGHV1-12*01,IGHJ1*01,ARSTYYGGDWYFNV,3.6791295827743e-21,1.694900958312273e-23,-0.32243204,-1.9049801,-0.30172676,-1.4718378,-0.36314154,-1.5512595,-0.36314154,-1.5512595,-0.86278594,-2.157581,-0.70782006,-2.2487864
Bevacizumab,IGHV3,IGHV3-23*04,IGHJ3*01,AKYPHYYGSSHWYFDV,4.629729503022384e-24,4.629729503022384e-24,-0.5848099,-1.5819223,-0.77571946,-2.2777097,-0.8988236,-2.3087564,-0.8988236,-2.3087564,-1.0785874,-2.2411156,-1.0714455,-1.9026731
Cetuximab,IGHV2,IGHV2-2*03,IGHJ3*01,ARALTYYDYEFAY,8.977671404716309e-17,8.977671404716309e-17,-0.38752645,-1.2953434,-0.36877364,-1.3899475,-0.48431438,-1.5848477,-0.48431438,-1.5848477,-1.2525618,-2.4017792,-0.9207974,-2.088625
Infliximab,IGHV6,IGHV6-6*02,IGHJ2*01,SRNYYGSTYDY,1.256048402927358e-14,5.816600637737767e-23,-0.45987636,-1.3588309,-0.42785203,-1.0556368,-0.4427274,-0.974835,-0.4427274,-0.974835,-1.1558368,-1.7503425,-0.9981077,-1.5981101
Ipilimumab,IGHV3,IGHV3-30*01,IGHJ4*01,ARTGWLGPFDY,1.257430489223272e-10,1.257430489223272e-10,-0.34207264,-1.8415337,-0.31650123,-1.7234988,-0.46844444,-1.8987322,-0.46844444,-1.8987322,-0.79829556,-2.025147,-0.56440675,-1.8179278
Atezolizumab,IGHV3,IGHV3-23*04,IGHJ4*01,ARRHWPGGFDY,6.194061705286241e-12,6.194061705286241e-12,-0.71470034,-2.1639388,-0.72002506,-2.0730336,-0.8497626,-2.0759547,-0.8497626,-2.0759547,-0.7440185,-1.7821031,-0.8691253,-2.1296387
Durvalumab,IGHV3,IGHV3-7*01,IGHJ4*01,AREGGWFGELAFDY,1.0789708903322008e-10,4.790718389740451e-12,-0.25592297,-1.8080729,-0.15905674,-0.81701934,-0.2974717,-0.9877883,-0.2974717,-0.9877883,-0.8862032,-2.017744,-0.49397436,-1.8111174
Avelumab,IGHV3,IGHV3-23*01,IGHJ4*01,ARIKLGTVTTVDY,9.847559997943168e-13,1.513433992613117e-15,-0.56979954,-1.6767033,-0.57496953,-1.6575385,-0.7803341,-1.8454939,-0.7803341,-1.8454939,-0.8819598,-2.2994664,-0.8463147,-2.3647125
Palivizumab,IGHV8,IGHV8-12*01,IGHJ4*01,ARLKFYTGGQGTHFDY,7.468638204382528e-19,7.468638204382528e-19,-0.91869295,-2.3111305,-0.76396513,-2.687276,-0.9855843,-3.083084,-0.9855843,-3.083084,-1.3841947,-2.3417833,-1.0968361,-2.3052604
Omalizumab,IGHV3,IGHV3-48*01,IGHJ4*01,ARLRHEDAYYGSGSYYPEDY,8.167462868021307e-19,1.6791516000370954e-21,-0.6013235,-2.5522788,-0.4474548,-1.6644348,-0.60102326,-1.8500575,-0.60102326,-1.8500575,-0.9679182,-2.470044,-0.6748315,-2.2181034
Secukinumab,IGHV3,IGHV3-74*01,IGHJ3*02,ARDRYGFLHYFDI,4.719762817075756e-15,7.066428908843335e-17,-0.5549467,-2.5028272,-0.69952625,-2.5092015,-0.8311937,-2.7005935,-0.8311937,-2.7005935,-0.7596942,-2.0134573,-0.68962276,-1.9796351
Ustekinumab,IGHV3,IGHV3-21*01,IGHJ2*01,ARPDGNYWYFDL,3.582359740566675e-11,8.527200875084625e-13,-0.5359896,-1.4841095,-0.61177945,-1.7666366,-0.8573317,-1.7229404,-0.8573317,-1.7229404,-0.89460313,-2.271563,-0.70532954,-1.6947608
Tocilizumab,IGHV4,IGHV4-38-2*01,IGHJ6*01,ARDRGIAAGGNYYYYGMDV,6.166251851073427e-12,1.5144280149133253e-15,-0.21220021,-1.124466,-0.2810483,-0.8069103,-0.32811752,-0.8446787,-0.32811752,-0.8446787,-1.1221024,-2.1492555,-0.6239881,-1.3896003
Dupilumab,IGHV3,IGHV3-23*04,IGHJ6*01,AKDRLSITIRPRYYGLDV,2.048920302698353e-24,2.048920302698353e-24,-0.46814206,-1.5650833,-0.45113465,-1.4565786,-0.59405434,-1.4864694,-0.59405434,-1.4864694,-0.95984775,-2.4386601,-0.7972052,-2.1020968
Pertuzumab,IGHV3,IGHV3-23*04,IGHJ4*01,SRSRYNDYYDTMDY,1.3887130598147872e-20,1.3887130598147872e-20,-0.80195177,-2.3238308,-0.8899495,-2.620951,-1.0499423,-2.5794644,-1.0499423,-2.5794644,-0.8986973,-2.210954,-1.0023136,-2.1346185
Natalizumab,IGHV1,IGHV1-69*02,IGHJ4*01,ARGIILDYGDYRLDY,1.920283958482665e-13,1.920283958482665e-13,-0.6777204,-2.3901174,-0.5531063,-1.3415797,-0.73389745,-1.5427676,-0.73389745,-1.5427676,-0.83606285,-2.209497,-0.87006783,-2.1021495
